,City,Latitude,Max Temperature,Humidity,Cloudiness,Wind Speed
0,Sola,-13.88,81.21,84.0,99.0,19.51
1,Limoges,45.75,68.0,72.0,33.0,8.05
2,Cidreira,-30.18,62.64,69.0,21.0,4.52
3,Kattivakkam,13.22,87.8,74.0,20.0,11.41
4,Vila Franca Do Campo,37.72,66.2,72.0,40.0,14.99
5,Hobart,-42.88,44.01,80.0,0.0,5.82
6,Provideniya,64.38,45.75,58.0,3.0,1.14
7,Punta Arenas,-53.15,42.8,52.0,90.0,23.04
8,Tuktoyaktuk,69.45,33.8,74.0,20.0,9.17
9,Broome,42.25,69.01,93.0,90.0,6.93
10,Barrow,71.29,30.2,86.0,1.0,16.11
11,Fairbanks,64.84,51.8,93.0,90.0,2.04
12,Atuona,-9.8,80.92,74.0,4.0,15.73
13,Nishihara,26.18,82.4,83.0,20.0,12.75
14,Bluff,-46.6,48.42,88.0,100.0,28.07
15,Victoria,22.29,84.99,79.0,29.0,4.0
16,Pisco,-13.7,64.99,93.0,90.0,4.7
17,Kapaa,22.08,75.2,94.0,75.0,6.93
18,Vaini,-21.2,77.0,83.0,40.0,9.17
19,Turayf,31.67,80.6,28.0,4.0,18.34
20,Albany,42.6,66.0,68.0,98.0,1.3
21,Illoqqortoormiut,,,,,
22,Jonesboro,35.84,80.01,78.0,20.0,10.29
23,Mbinga,-10.93,71.6,64.0,40.0,3.29
24,Lagoa,39.05,62.8,83.0,83.0,24.09
25,Chapais,49.78,53.6,32.0,75.0,9.17
26,Pahrump,36.21,84.99,23.0,100.0,1.01
27,Rikitea,-23.12,75.16,83.0,100.0,22.08
28,Tasiilaq,65.61,50.0,53.0,75.0,3.36
29,Kalyazin,57.24,56.97,87.0,100.0,11.36
30,Aykhal,66.0,57.2,47.0,75.0,11.18
31,Castro,-24.79,62.26,87.0,97.0,3.83
32,San Policarpo,12.18,82.67,67.0,0.0,4.61
33,Barentsburg,,,,,
34,Dikson,73.51,31.84,97.0,72.0,11.21
35,Ha Tinh,18.33,82.76,71.0,61.0,5.93
36,Busselton,-33.65,54.0,73.0,18.0,5.79
37,Mataura,-46.19,47.97,93.0,100.0,7.18
38,San Patricio,19.22,77.0,83.0,75.0,3.15
39,Westport,41.14,79.0,66.0,81.0,1.01
40,Semey,50.41,66.13,46.0,100.0,6.44
41,New Norfolk,-42.78,44.01,72.0,1.0,3.13
42,Los Llanos De Aridane,28.66,73.4,78.0,75.0,6.93
43,Camacha,33.08,71.6,64.0,20.0,12.75
44,Maningrida,-12.07,67.35,86.0,0.0,10.45
45,Urumqi,43.8,86.0,19.0,29.0,4.47
46,Grand Gaube,-20.01,71.01,74.0,59.0,5.99
47,Rawson,-43.3,49.75,47.0,0.0,18.61
48,Yarovoye,52.93,57.11,51.0,43.0,8.61
49,Nouadhibou,20.93,77.0,65.0,28.0,20.8
50,Banjarmasin,-3.32,75.42,90.0,98.0,3.94
51,Ushuaia,-54.8,42.8,70.0,75.0,19.46
52,Vakhrushevo,55.23,62.6,45.0,40.0,4.47
53,Torbay,47.67,55.4,54.0,20.0,25.28
54,Avera,33.19,82.4,65.0,1.0,8.05
55,Mamallapuram,12.63,87.8,74.0,20.0,11.41
56,Linjiang,41.81,54.75,84.0,83.0,4.59
57,Fare,-16.7,79.75,73.0,56.0,4.97
58,Clyde River,70.47,28.4,92.0,20.0,4.7
59,Grand River South East,,,,,
60,Meyungs,,,,,
61,Fortuna,40.6,57.99,100.0,1.0,3.36
62,Luderitz,-26.65,68.0,64.0,100.0,12.75
63,Mahebourg,-20.41,71.6,78.0,75.0,11.41
64,Waitati,-45.75,51.01,91.0,100.0,23.0
65,Butaritari,3.07,82.0,77.0,100.0,5.21
66,Belushya Guba,,,,,
67,Vaitupu,,,,,
68,Oum Hadjer,13.3,106.77,9.0,9.0,3.78
69,Metu,8.3,62.44,94.0,94.0,2.17
70,Mantua,45.17,80.01,53.0,58.0,7.0
71,Troitsko-Pechorsk,62.71,55.87,48.0,0.0,3.22
72,Raudeberg,61.99,50.0,88.0,99.0,27.74
73,Vanimo,-2.67,79.48,84.0,100.0,3.33
74,Zavyalovo,54.51,50.0,61.0,98.0,4.47
75,Esperance,-33.87,55.4,76.0,48.0,11.41
76,Jamestown,42.1,70.0,88.0,90.0,13.87
77,Port Alfred,-33.59,63.0,88.0,100.0,3.0
78,San Cristobal,7.77,86.0,55.0,40.0,8.05
79,Asfi,32.3,71.64,66.0,0.0,11.86
80,Saleaula,,,,,
81,Taolanaro,,,,,
82,Hilo,19.73,71.6,78.0,75.0,4.7
83,Tuatapere,-46.13,47.73,90.0,100.0,10.45
84,Cape Town,-33.93,64.4,68.0,20.0,16.11
85,Nome,64.5,48.2,87.0,20.0,2.62
86,Waris Aliganj,25.02,87.6,48.0,100.0,6.93
87,Bairiki,1.33,78.8,88.0,75.0,2.24
88,San Quintin,30.48,71.38,64.0,5.0,7.23
89,Saint-Philippe,-21.36,71.6,60.0,38.0,21.92
90,Toliary,,,,,
91,Ponta Do Sol,32.67,71.6,64.0,20.0,21.92
92,Mopti,14.67,105.8,26.0,47.0,13.87
93,Rorvik,64.86,48.2,76.0,100.0,16.11
94,Hermanus,-34.42,61.0,92.0,72.0,12.68
95,Barbar,,,,,
96,Shushenskoye,53.33,55.4,62.0,73.0,2.24
97,Ancud,-41.87,45.0,75.0,9.0,3.33
98,Hasaki,35.73,68.0,100.0,75.0,5.82
99,Longyearbyen,78.22,37.4,74.0,40.0,10.29
100,East London,-33.02,68.0,77.0,39.0,13.87
101,Sentyabrskiy,,,,,
102,Yellowknife,62.46,41.0,56.0,20.0,10.29
103,Nizhneyansk,,,,,
104,Ribeira Grande,38.52,64.4,77.0,75.0,8.05
105,San Andres,12.58,87.8,74.0,75.0,10.29
106,Nikolskoye,59.7,66.2,42.0,88.0,11.18
107,Lamar,33.67,84.0,69.0,1.0,10.29
108,Killybegs,54.63,55.4,62.0,20.0,23.04
109,Port Elizabeth,-33.92,64.4,82.0,100.0,12.75
110,Sumbawa,,,,,
111,Zhuanghe,39.7,64.0,85.0,3.0,6.96
112,Bail Hongal,15.82,71.6,94.0,90.0,13.87
113,Saskylakh,71.92,49.42,48.0,76.0,10.07
114,Hovd,48.01,65.66,32.0,55.0,2.62
115,Namatanai,-3.67,80.28,77.0,64.0,4.47
116,Dangriga,16.97,88.0,84.0,40.0,9.17
117,Bredasdorp,-34.53,62.6,27.0,92.0,5.82
118,La Victoria,10.22,81.0,51.0,41.0,3.58
119,Kruisfontein,-34.0,57.51,91.0,100.0,5.64
120,Palembang,-2.92,75.63,96.0,88.0,3.47
121,Carlisle,40.2,78.01,69.0,98.0,1.01
122,Bauska,56.41,60.8,55.0,90.0,5.82
123,Saint George,37.1,82.0,22.0,1.0,5.82
124,Kieta,-6.22,79.23,80.0,96.0,4.97
125,Airai,-8.93,55.98,100.0,92.0,4.38
126,Ambulu,-8.35,76.35,86.0,100.0,5.23
127,Touros,-5.2,84.2,74.0,75.0,12.75
128,Codrington,-38.27,41.76,87.0,0.0,2.73
129,Eureka,40.8,57.99,28.0,30.0,6.8
130,Kuche,,,,,
131,Amderma,,,,,
132,Mogadouro,41.34,72.0,62.0,81.0,5.01
133,Upernavik,72.79,30.9,93.0,100.0,6.62
134,Glendive,47.11,69.01,59.0,1.0,9.17
135,Luanda,-8.84,80.6,83.0,20.0,9.17
136,Clearwater,27.97,82.99,74.0,40.0,8.05
137,Khormuj,,,,,
138,Gondal,21.97,83.37,63.0,79.0,7.4
139,Phuket,8.0,78.8,94.0,20.0,3.36
140,Finnsnes,69.23,50.0,64.0,75.0,5.82
141,Boda,4.32,76.5,82.0,70.0,4.88
142,Villazon,-22.09,48.15,39.0,0.0,9.28
143,Agua Verde,22.9,81.0,74.0,75.0,4.72
144,North Ogden,41.31,75.0,28.0,1.0,6.93
145,Galiwinku,,,,,
146,Ternate,0.8,79.99,80.0,100.0,4.81
147,Mitu,1.2,79.36,80.0,100.0,1.39
148,San Rafael,-34.62,42.24,87.0,100.0,18.66
149,Senneterre,48.38,50.0,93.0,90.0,6.93
150,Hithadhoo,-0.6,84.74,65.0,98.0,6.6
151,Sattahip,12.67,80.6,88.0,40.0,4.7
152,Evensk,61.95,40.08,90.0,97.0,4.83
153,Maumere,-8.62,78.21,79.0,96.0,5.77
154,Klaksvik,62.23,44.6,87.0,95.0,9.17
155,Khatanga,71.97,51.55,49.0,26.0,12.1
156,Khonsar,,,,,
157,Tortoli,39.93,77.0,53.0,5.0,6.93
158,Cabo San Lucas,22.89,84.0,61.0,5.0,3.36
159,Mount Isa,-20.73,51.8,40.0,37.0,5.82
160,Leningradskiy,69.38,37.67,79.0,16.0,3.58
161,Cap Malheureux,-19.98,71.01,74.0,46.0,5.99
162,Tayu,-6.54,80.69,81.0,100.0,10.92
163,Agadez,19.75,109.31,7.0,15.0,6.82
164,Caravelas,-17.71,79.81,75.0,2.0,9.53
165,Kodiak,57.79,46.4,93.0,90.0,19.46
166,Kavaratti,10.57,84.4,78.0,99.0,19.15
167,Dingle,11.0,79.61,80.0,41.0,2.15
168,Atar,20.52,105.8,18.0,69.0,6.93
169,Faanui,-16.48,80.08,70.0,0.0,6.29
170,Berwick,41.05,66.99,89.0,100.0,3.0
171,Mehamn,71.04,48.2,61.0,75.0,4.7
172,Ust-Nera,64.57,48.31,51.0,99.0,6.24
173,Cherskiy,68.75,38.98,75.0,14.0,9.19
174,Coahuayana,18.73,69.8,94.0,75.0,3.65
175,Agirish,61.92,49.35,49.0,3.0,4.29
176,Tukrah,32.53,70.45,55.0,0.0,9.93
177,Kovdor,67.57,63.91,61.0,67.0,6.24
178,Paso De Los Toros,-32.82,57.2,62.0,40.0,5.46
179,Aloleng,16.13,85.26,66.0,86.0,1.36
180,Mizdah,31.45,90.43,17.0,5.0,8.32
181,Bukachacha,52.98,49.68,63.0,100.0,2.21
182,San Matias,-16.37,74.46,59.0,91.0,3.83
183,Sept-Iles,50.2,45.0,81.0,90.0,11.41
184,Kalmunai,7.42,83.37,62.0,6.0,9.51
185,Sao Joao Da Barra,-21.64,80.6,54.0,15.0,2.24
186,Samusu,,,,,
187,Braintree,51.88,68.0,60.0,93.0,1.99
188,Traverse City,44.76,71.6,53.0,20.0,5.82
189,Kaitangata,-46.28,50.0,91.0,100.0,1.01
190,Kahului,20.89,71.6,83.0,1.0,6.58
191,Attawapiskat,,,,,
192,Pilar,-9.6,80.6,88.0,75.0,11.41
193,Florence,43.77,79.0,44.0,20.0,11.41
194,Mugur-Aksy,50.35,46.87,56.0,37.0,1.39
195,Chokwe,-24.53,70.48,45.0,0.0,4.23
196,Comacchio,44.7,80.01,57.0,24.0,8.05
197,Berlevag,70.86,48.2,61.0,75.0,4.7
198,Lebu,-37.62,53.65,63.0,0.0,10.0
199,Chuy,-33.7,59.92,56.0,38.0,2.21
200,Avarua,-21.21,75.2,78.0,9.0,11.41
201,Hobyo,5.35,83.82,67.0,39.0,23.64
202,Sarkand,45.41,70.09,34.0,14.0,7.74
203,Guerrero Negro,27.98,73.71,53.0,0.0,7.29
204,Qaqortoq,60.72,53.6,81.0,75.0,4.7
205,Newport,51.59,59.0,93.0,100.0,1.01
206,Coffs Harbour,-30.3,57.2,54.0,43.0,12.75
207,Pedregulho,-20.26,76.87,49.0,0.0,2.46
208,Praia Da Vitoria,38.73,62.6,93.0,90.0,23.31
209,Puerto Ayora,-0.74,80.6,65.0,20.0,12.75
210,Lityn,49.33,57.2,67.0,40.0,4.47
211,Maraa,-1.83,85.77,70.0,62.0,4.56
212,Melilla,35.29,86.0,44.0,0.0,12.75
213,Harbour Breton,47.48,44.01,88.0,98.0,15.97
214,Qaanaaq,77.48,29.88,92.0,97.0,9.33
215,Okhotsk,59.38,39.69,77.0,95.0,3.94
216,Santa Cruz De La Palma,28.68,73.4,78.0,75.0,6.93
217,Portobelo,9.55,84.99,66.0,100.0,4.0
218,Springdale,36.19,81.0,78.0,1.0,9.17
219,Padang,-0.95,80.13,80.0,96.0,3.31
220,Weatherford,32.76,82.99,75.0,0.0,4.0
221,Coquimbo,-29.95,51.8,87.0,75.0,5.82
222,Port Lincoln,-34.73,52.7,77.0,1.0,8.32
223,Mar Del Plata,-38.0,53.01,81.0,90.0,13.87
224,Kilinochchi,9.4,81.81,78.0,97.0,12.5
225,Jeremie,18.65,85.77,62.0,74.0,7.2
226,Baruun-Urt,46.68,48.27,71.0,23.0,3.02
227,Faya,18.39,86.0,9.0,20.0,17.22
228,Thompson,55.74,51.8,66.0,75.0,4.7
229,Andevoranto,,,,,
230,Iracoubo,5.48,81.61,84.0,3.0,9.28
231,Butte,39.65,77.0,57.0,1.0,1.19
232,Fianga,,,,,
233,Carnarvon,-24.87,73.85,42.0,0.0,8.7
234,Beira,-19.84,77.0,69.0,20.0,8.05
235,Sorland,67.67,46.4,75.0,40.0,12.75
236,Kirakira,-10.45,80.44,79.0,100.0,6.15
237,Nantucket,41.28,62.6,82.0,75.0,12.75
238,Kulunda,52.57,58.21,44.0,64.0,8.66
239,Awbari,26.59,100.96,8.0,0.0,15.05
240,Saldanha,-33.01,68.0,60.0,38.0,13.87
241,Orthez,43.49,75.0,82.0,75.0,5.82
242,Kadykchan,,,,,
243,Dzilam Gonzalez,21.28,78.01,99.0,100.0,9.31
244,College,64.86,51.8,87.0,75.0,2.17
245,Mullaitivu,,,,,
246,Sitka,57.05,46.4,87.0,75.0,8.05
247,Altamira,-3.2,84.2,79.0,75.0,9.17
248,Havre-Saint-Pierre,50.23,42.8,87.0,90.0,11.41
249,Liuhe,42.24,53.37,86.0,60.0,7.4
250,Moengo,5.62,82.02,87.0,50.0,4.81
251,Champerico,14.3,73.4,100.0,90.0,4.54
252,Houma,29.6,87.01,78.0,40.0,3.36
253,Nanortalik,60.14,49.68,86.0,45.0,5.44
254,Methoni,36.82,78.8,27.0,20.0,13.87
255,Hvammstangi,,,,,
256,Mirnyy,62.54,55.4,45.0,40.0,4.47
257,Grafton,42.21,77.0,64.0,95.0,3.0
258,Vallenar,-28.57,56.88,60.0,97.0,6.67
259,Severo-Kurilsk,50.68,45.28,82.0,100.0,9.26
260,Poum,-20.23,74.89,88.0,100.0,20.85
261,Bilibino,68.05,50.11,63.0,100.0,2.01
262,Chokurdakh,70.63,35.49,82.0,79.0,10.27
263,Monrovia,6.3,87.8,74.0,75.0,11.41
264,Sofiysk,,,,,
265,Diego De Almagro,-26.37,62.02,38.0,2.0,9.1
266,Espanola,35.99,68.0,45.0,1.0,3.36
267,Saint-Pierre,-21.34,71.6,60.0,4.0,21.92
268,Bethel,41.37,75.0,64.0,1.0,6.93
269,Marzuq,14.4,77.7,62.0,100.0,11.03
270,Gorno-Chuyskiy,,,,,
271,Petropavlovsk-Kamchatskiy,53.05,42.8,100.0,75.0,2.24
272,Bengkulu,-3.8,76.86,93.0,100.0,9.28
273,Saryshagan,,,,,
274,Mys Shmidta,,,,,
275,Teknaf,20.86,82.24,76.0,82.0,2.06
276,Portland,45.52,57.99,71.0,75.0,5.82
277,Santa Maria Del Oro,25.93,81.93,25.0,0.0,1.77
278,Bathsheba,13.22,87.8,62.0,40.0,20.8
279,Uncia,-18.47,48.74,39.0,4.0,27.45
280,Fort-Shevchenko,44.51,73.24,62.0,0.0,7.83
281,Port-Gentil,-0.72,82.4,83.0,75.0,13.87
282,Chiplun,17.53,78.49,81.0,100.0,8.12
283,Tumannyy,,,,,
284,Conceicao Do Araguaia,-8.26,85.78,64.0,99.0,2.98
285,Georgetown,5.41,82.4,94.0,20.0,2.24
286,Baykit,61.67,50.94,71.0,91.0,4.03
287,Ixtapa,20.7,81.0,74.0,75.0,4.7
288,Daltenganj,24.03,80.69,58.0,99.0,3.51
289,Yangambi,0.81,72.5,98.0,100.0,2.46
290,Bam,29.11,93.72,10.0,0.0,9.33
291,Saint-Augustin,51.23,41.36,88.0,100.0,15.46
292,Tupik,54.43,45.99,64.0,100.0,1.07
293,Coos Bay,43.37,55.0,87.0,1.0,9.17
294,Huangchuan,32.13,76.84,54.0,3.0,8.86
295,Gonbad-E Qabus,37.25,89.6,46.0,20.0,6.93
296,Tazovskiy,67.47,42.24,70.0,86.0,13.44
297,Lompoc,34.64,57.2,93.0,90.0,3.51
298,Fort Morgan,40.25,69.8,64.0,1.0,5.82
299,Charlestown,-32.95,55.99,71.0,16.0,5.99
300,Rocha,-34.48,60.03,50.0,33.0,1.72
301,Lorengau,-2.02,81.16,76.0,68.0,2.62
302,Swinoujscie,53.91,73.0,30.0,1.0,4.7
303,Kumbo,6.2,69.22,82.0,19.0,2.21
304,Norman Wells,65.28,42.8,60.0,75.0,6.93
305,Bandarbeyla,9.49,81.97,76.0,55.0,23.96
306,Ubrique,36.68,80.6,42.0,29.0,13.87
307,Nuevo Imperial,-13.08,67.64,73.0,97.0,4.0
308,Harboore,56.62,71.01,67.0,91.0,1.01
309,Nyrob,60.73,54.46,54.0,0.0,2.57
310,Halalo,,,,,
311,Flinders,-34.58,55.0,60.0,33.0,5.99
312,Port Alberni,49.24,53.01,88.0,37.0,0.96
313,Conceicao Da Barra,-18.59,82.69,59.0,5.0,7.65
314,Shelburne,44.08,70.0,88.0,20.0,3.36
315,Achinsk,56.27,45.16,85.0,1.0,8.39
316,Cururupu,-1.83,81.23,90.0,32.0,5.97
317,Tonantins,-2.87,87.58,57.0,95.0,4.27
318,Nipawin,53.37,64.4,42.0,40.0,6.93
319,Pevek,69.7,37.65,79.0,0.0,4.18
320,Afmadu,,,,,
321,Kimi,,,,,
322,Bytosh,53.82,68.0,34.0,40.0,4.47
323,Adrar,20.5,97.86,18.0,72.0,18.7
324,Hualmay,-11.1,69.26,71.0,79.0,11.88
325,Nurota,40.56,91.4,16.0,0.0,6.93
326,Ekhabi,53.51,37.33,97.0,100.0,10.16
327,Lima,-12.04,64.4,88.0,90.0,6.93
328,Dubenskiy,,,,,
329,Lavrentiya,65.58,37.94,78.0,0.0,2.17
330,Port Macquarie,-31.43,55.0,71.0,62.0,14.09
331,Mingguang,32.78,77.14,72.0,98.0,8.61
332,Vredendal,-31.67,67.89,43.0,100.0,8.01
333,Margate,51.38,66.0,79.0,99.0,3.0
334,Ouallam,14.32,106.83,17.0,58.0,4.68
335,Lagos,6.58,89.6,66.0,20.0,6.93
336,Mount Gambier,-37.83,37.4,93.0,0.0,2.24
337,Half Moon Bay,37.46,73.0,56.0,20.0,4.09
338,Honningsvag,70.98,44.82,77.0,70.0,8.1
339,Boguchany,58.38,47.71,92.0,93.0,6.22
340,Iqaluit,63.75,41.0,60.0,75.0,16.11
341,Henties Bay,-22.12,73.56,39.0,0.0,11.03
342,Bemidji,47.47,69.01,42.0,1.0,8.05
343,Warqla,,,,,
344,Grand-Santi,4.25,87.66,60.0,45.0,3.89
345,Hamilton,39.18,82.99,54.0,1.0,13.87
346,Geraldton,-28.77,57.2,76.0,0.0,6.93
347,Auki,-8.77,79.14,82.0,99.0,4.9
348,Krasnoyarsk-45,,,,,
349,Sorvag,,,,,
350,Fatsa,41.03,66.2,93.0,75.0,8.05
351,Komsomolskiy,40.43,87.8,22.0,100.0,4.14
352,Faridan,,,,,
353,Farafangana,-22.82,69.08,87.0,13.0,9.73
354,Khandyga,62.67,48.72,52.0,1.0,2.1
355,Sydney,-33.87,55.99,62.0,75.0,18.34
356,Jinchang,38.5,73.29,17.0,17.0,5.26
357,Hella,67.2,50.0,57.0,20.0,11.41
358,Palmer,42.16,75.99,56.0,75.0,6.24
359,Belyy Yar,53.6,55.4,62.0,30.0,2.24
360,Severo-Yeniseyskiy,60.37,45.27,97.0,100.0,2.55
361,Goderich,43.75,69.01,92.0,68.0,11.97
362,Sinnamary,5.38,83.05,77.0,2.0,9.84
363,Verkhnevilyuysk,63.45,54.75,43.0,27.0,1.32
364,Tuy Hoa,13.08,79.7,86.0,99.0,7.02
365,Kachug,53.96,48.87,67.0,49.0,0.13
366,Murdochville,48.96,43.25,63.0,100.0,12.8
367,Linchuan,,,,,
368,Narsaq,60.92,53.6,81.0,75.0,4.7
369,Makakilo City,21.35,75.2,73.0,20.0,4.7
370,Derzhavinsk,51.1,65.05,54.0,22.0,17.0
371,Nalut,30.33,97.14,12.0,1.0,8.81
372,Huarmey,-10.07,71.55,66.0,18.0,11.99
373,Turbat,26.0,88.36,60.0,0.0,7.23
374,Svetlyy,54.67,57.2,71.0,75.0,8.95
375,Les Cayes,18.2,85.93,64.0,84.0,9.91
376,Paucartambo,,,,,
377,Nemuro,43.32,47.82,92.0,3.0,4.9
378,Vila Velha,-20.33,77.0,69.0,2.0,10.29
379,Leipzig,51.34,66.99,72.0,75.0,21.92
380,Shirokiy,49.76,52.75,91.0,100.0,7.14
381,Stornoway,58.21,51.8,71.0,75.0,9.17
382,Constitucion,-35.33,55.53,71.0,32.0,2.8
383,Tsihombe,,,,,
384,Dong Hoi,17.48,81.99,74.0,74.0,7.0
385,Bangkalan,-7.05,79.05,79.0,100.0,9.95
386,Riyadh,24.69,107.6,18.0,20.0,8.7
387,Andarab,,,,,
388,Isla Vista,34.41,75.99,82.0,40.0,4.7
389,Grindavik,63.84,48.2,81.0,75.0,9.17
390,Xining,36.62,54.46,54.0,71.0,1.97
391,Olafsvik,64.89,46.96,87.0,38.0,5.14
392,Mmabatho,-25.85,71.6,33.0,0.0,3.36
393,Puerto Cabezas,14.04,84.34,75.0,100.0,9.95
394,Howard Springs,-12.5,71.6,33.0,60.0,6.93
395,Hambantota,6.12,82.4,78.0,15.0,5.82
396,Ambodifototra,,,,,
397,Traismauer,48.35,64.0,63.0,87.0,2.71
398,Kidal,18.44,111.15,9.0,60.0,7.74
399,Nakhon Thai,17.1,86.0,37.0,98.0,2.39
400,Peterhead,57.51,50.0,87.0,75.0,19.46
401,Sambava,-14.27,75.11,84.0,37.0,17.07
402,Namibe,-15.2,77.0,78.0,20.0,12.75
403,Salinas,36.68,68.0,68.0,1.0,0.54
404,Berberati,4.26,74.7,82.0,95.0,3.22
405,Port Hardy,50.7,50.0,87.0,20.0,2.24
406,Lata,40.16,78.01,60.0,20.0,10.29
407,Necochea,-38.55,51.01,77.0,100.0,7.0
408,Galle,6.04,80.33,80.0,10.0,6.2
409,Pangnirtung,66.15,35.6,80.0,20.0,10.29
410,San Vicente,-26.62,71.22,34.0,0.0,2.28
411,Souillac,-20.52,71.6,78.0,75.0,11.41
412,Vertientes,21.26,84.2,70.0,75.0,11.41
413,Zuwarah,32.93,73.85,59.0,33.0,16.96
414,Fort Nelson,58.81,55.4,47.0,75.0,10.29
415,Quatre Cocos,-20.21,71.6,78.0,75.0,11.41
416,Tarpa,48.1,63.0,63.0,60.0,9.17
417,Bubaque,11.28,81.91,68.0,0.0,15.7
418,Karkaralinsk,,,,,
419,Ostersund,63.18,59.0,77.0,100.0,11.41
420,Arraial Do Cabo,-22.97,77.0,73.0,75.0,6.93
421,Bogen,48.91,75.0,37.0,79.0,6.2
422,Marcona,,,,,
423,Nyurba,63.28,54.7,45.0,47.0,2.37
424,Prince Rupert,54.32,50.0,87.0,90.0,6.93
425,Guaruja,-23.99,71.6,83.0,75.0,1.12
426,Tiznit,29.58,78.71,35.0,0.0,10.83
427,Diapaga,12.07,103.98,21.0,86.0,5.35
428,Tiksi,71.69,31.06,96.0,4.0,2.08
429,Pathein,16.78,84.63,73.0,84.0,7.83
430,Najran,17.49,93.2,28.0,40.0,11.41
431,Sur,22.57,91.54,45.0,0.0,8.19
432,Severodvinsk,64.56,69.8,28.0,20.0,2.24
433,Phan Rang,,,,,
434,Soligalich,59.08,60.44,67.0,76.0,6.46
435,Davila,18.47,84.2,83.0,40.0,2.24
436,Taksimo,56.34,51.94,49.0,70.0,1.92
437,Falealupo,,,,,
438,Irbit,57.67,51.8,70.0,7.0,4.79
439,Mayumba,-3.43,78.85,83.0,87.0,7.78
440,Linapacan,,,,,
441,Ilulissat,69.22,37.4,86.0,75.0,3.36
442,Laguna,38.42,79.0,47.0,1.0,3.2
443,Ukiah,39.15,73.0,68.0,1.0,0.6
444,Kavieng,-2.57,82.62,80.0,92.0,13.35
445,Wilmington,34.23,84.0,51.0,1.0,12.75
446,Pullman,46.73,60.01,62.0,1.0,4.7
447,Gushikawa,26.35,82.4,94.0,1.0,10.29
448,Oistins,13.07,87.8,62.0,40.0,20.8
449,Semenivka,52.18,62.06,73.0,18.0,2.59
450,Haines Junction,60.75,44.22,60.0,100.0,4.83
451,Rio Gallegos,-51.62,41.0,52.0,75.0,11.41
452,Asau,46.43,68.0,42.0,40.0,8.05
453,Aban,56.67,45.0,88.0,44.0,9.98
454,Naftah,,,,,
455,Sooke,48.37,53.01,87.0,75.0,4.7
456,Zemio,5.03,82.06,73.0,100.0,0.89
457,Illela,13.73,105.44,18.0,44.0,4.41
458,Quesnel,53.0,42.8,93.0,90.0,4.7
459,Bata,1.86,86.0,84.0,40.0,9.17
460,Nago,26.59,82.4,94.0,1.0,10.29
461,Mgandu,-5.95,68.95,56.0,86.0,6.44
462,Krasnoselkup,65.7,51.75,61.0,62.0,12.08
463,Honiara,-9.43,77.0,100.0,75.0,4.09
464,Bambous Virieux,-20.34,71.6,78.0,75.0,11.41
465,Niquelandia,-14.47,86.58,43.0,14.0,4.36
466,Gat,31.61,78.01,48.0,0.0,1.01
467,Maputo,-25.97,73.4,69.0,0.0,10.29
468,Maceio,-9.67,80.6,88.0,75.0,11.41
469,Katherine,-14.47,60.8,38.0,8.0,6.93
470,Kargasok,59.06,41.58,80.0,0.0,8.46
471,Sao Filipe,14.9,75.88,74.0,27.0,15.23
472,Quepos,9.42,78.8,65.0,73.0,2.24
473,Husavik,66.04,50.0,71.0,20.0,16.11
474,Mporokoso,-9.37,67.64,56.0,13.0,0.13
475,Ahipara,-35.17,61.05,86.0,1.0,12.86
476,Oranjemund,-28.55,62.89,62.0,100.0,7.72
477,Koungou,-12.73,78.8,69.0,10.0,9.17
478,Saint-Francois,46.42,68.0,60.0,72.0,16.11
479,Fort Saint James,54.43,50.31,48.0,84.0,6.76
480,Bereda,43.27,73.0,64.0,33.0,10.0
481,Khasan,42.43,55.22,95.0,74.0,1.1
482,Laerdalsoyri,61.1,68.0,34.0,75.0,13.87
483,Satitoa,,,,,
484,Santa Luzia,-19.77,77.0,50.0,20.0,3.36
485,Neiafu,-18.65,78.8,78.0,40.0,10.29
486,Belen,36.49,77.0,36.0,40.0,10.29
487,Puerto Baquerizo Moreno,-0.9,77.0,83.0,40.0,9.17
488,Seddon,-37.81,54.0,66.0,90.0,8.05
489,Palabuhanratu,,,,,
490,Barcelona,41.39,75.99,78.0,20.0,17.22
491,Bur Gabo,,,,,
492,Leua,48.22,75.0,24.0,19.0,9.17
493,Mecca,21.43,91.83,19.0,0.0,14.74
494,Birin,26.89,63.82,78.0,99.0,4.16
495,Hirara,24.8,81.68,87.0,89.0,12.93
496,Hay River,60.82,39.2,61.0,75.0,9.17
497,Ostrovnoy,68.05,58.86,65.0,35.0,3.0
498,Berezovyy,51.67,43.93,91.0,100.0,4.74
499,Iquique,-20.22,66.2,55.0,75.0,9.17
500,Formosa,-26.18,66.2,48.0,0.0,4.7
501,Coihueco,-36.62,42.8,100.0,90.0,2.24
502,Guaratinga,-16.57,80.6,78.0,40.0,6.93
503,Sovetskiy,61.36,49.73,49.0,56.0,5.28
504,Waingapu,-9.66,76.14,78.0,41.0,12.21
505,Moussoro,13.64,108.97,7.0,13.0,3.2
506,Megion,61.03,46.4,75.0,20.0,6.71
507,Cayenne,4.93,84.2,74.0,75.0,13.87
508,Vladimir,56.14,57.06,86.0,100.0,12.8
509,Haimen,23.19,80.6,94.0,0.0,4.47
510,San Pedro,14.35,87.01,74.0,20.0,1.12
511,Katangli,51.71,41.79,99.0,100.0,5.97
512,Sorong,-0.88,78.66,87.0,97.0,10.25
513,Solovetskiy,,,,,
514,North Augusta,33.5,84.0,54.0,1.0,8.05
515,Fairmont,39.49,80.6,51.0,1.0,14.99
516,Itacurubi Del Rosario,-24.5,73.15,50.0,0.0,5.66
517,Ponta Delgada,37.73,66.2,72.0,40.0,12.75
518,Bullhead City,35.15,87.01,20.0,75.0,0.04
519,Murgab,37.5,102.2,14.0,0.0,4.7
520,Clinton,42.59,80.01,65.0,75.0,14.99
521,Zhigansk,66.77,49.75,48.0,33.0,9.31
522,Batemans Bay,-35.72,30.99,92.0,15.0,7.27
523,Minab,27.15,100.4,42.0,40.0,9.17
524,Tilichiki,60.47,34.68,92.0,0.0,1.66
525,Alyangula,-13.85,64.4,100.0,30.0,15.35
526,Mendi,-6.18,55.26,99.0,95.0,1.63
527,Buckeye,33.37,93.99,19.0,1.0,4.7
528,Qingdao,36.1,79.0,60.0,0.0,8.95
529,Gambo,4.65,78.04,87.0,100.0,3.65
530,Naryan-Mar,67.67,64.36,44.0,2.0,7.36
531,Kirkwall,58.98,50.0,71.0,75.0,13.87
532,Lhokseumawe,5.18,79.95,83.0,100.0,4.63
533,Bose,45.46,75.0,63.0,98.0,1.01
534,Langen,49.99,78.01,36.0,20.0,12.75
535,Dhidhdhoo,6.88,83.53,79.0,100.0,15.48
536,Plouzane,48.38,57.2,93.0,96.0,12.75
537,Piacabucu,-10.41,82.67,73.0,38.0,7.2
538,Puerto Escondido,15.85,82.4,83.0,75.0,3.36
539,Anadyr,64.75,33.8,86.0,72.0,2.24
540,Talnakh,69.49,51.8,66.0,96.0,20.13
541,Minggang,32.46,75.27,48.0,69.0,8.86
542,Brigantine,39.41,87.8,40.0,1.0,12.75
543,Pastavy,55.12,59.0,77.0,62.0,8.3
544,Porto Walter,-8.27,85.66,62.0,46.0,3.24
545,Beyneu,45.32,96.06,20.0,98.0,4.29
546,Tungkang,,,,,
547,Bom Jesus,-9.07,87.67,54.0,99.0,5.95
548,Novyye Burasy,52.13,69.01,68.0,92.0,8.99
549,Coolum Beach,-26.53,57.0,75.0,59.0,1.99
550,Icanti,,,,,
551,Bakhtiyarpur,25.47,86.0,74.0,75.0,7.09
552,Maniitsoq,65.42,41.05,89.0,100.0,3.06
553,Port-Cartier,50.03,45.0,81.0,90.0,11.41
554,Olavarria,-36.89,51.01,90.0,100.0,1.99
555,Port Augusta,-32.5,50.0,87.0,0.0,8.05
556,Gympie,-26.19,53.01,79.0,24.0,1.01
557,Bambanglipuro,-7.95,79.2,85.0,100.0,7.09
558,Kurilsk,45.23,47.64,91.0,32.0,2.57
559,Kropotkin,45.44,64.94,84.0,100.0,6.93
560,Salalah,17.02,86.0,84.0,40.0,9.17
561,Rio Pardo,-29.99,62.82,67.0,42.0,6.53
562,Havoysund,71.0,46.4,70.0,9.0,8.05
563,Shakiso,5.75,60.17,96.0,99.0,2.42
564,Manhattan,40.78,78.01,64.0,1.0,8.57
565,Amarante Do Maranhao,-5.57,85.75,61.0,9.0,6.96
566,Yulara,-25.24,50.0,57.0,9.0,8.05
567,Ramanathapuram,9.38,85.78,69.0,100.0,23.53
568,Itarema,-2.92,91.4,59.0,40.0,13.87
569,Sol-Iletsk,51.16,72.57,62.0,100.0,12.53
570,Erzin,36.96,71.01,71.0,10.0,14.0
571,Hauterive,46.09,68.0,77.0,64.0,6.93
572,Remanso,-9.62,84.47,56.0,72.0,10.04
573,Matagami,49.75,59.0,54.0,75.0,2.24
574,Charters Towers,-20.1,51.26,50.0,44.0,9.6
575,Opuwo,-18.06,76.55,23.0,50.0,4.16
576,Paracuru,-3.41,84.0,68.0,13.0,20.0
577,Grand Centre,,,,,
578,Grand Island,40.92,82.4,44.0,1.0,11.41
579,Igdir,39.92,78.8,27.0,20.0,6.93
580,Kabare,-2.47,64.53,78.0,100.0,3.24
581,San Carlos De Bariloche,-41.15,39.2,78.0,40.0,8.05
582,Noumea,-22.28,75.0,88.0,90.0,3.36
583,Indiana,40.0,80.6,69.0,1.0,10.29
584,Belaya Gora,68.53,46.42,56.0,35.0,8.14
585,Skalistyy,,,,,
586,Bargal,,,,,
587,Plettenberg Bay,-34.05,60.26,87.0,100.0,2.3
588,Hunza,,,,,
589,Akcakoca,41.09,61.25,75.0,90.0,3.8
590,Plastun,44.76,51.69,86.0,100.0,5.19
591,Lafiagi,8.87,95.83,45.0,81.0,4.72
592,Dunedin,-45.87,51.01,91.0,100.0,9.22
593,Tabuk,17.42,76.96,84.0,71.0,3.96
594,Candelaria,13.93,80.01,84.0,77.0,1.36
595,Sao Miguel Do Araguaia,-13.28,86.77,52.0,1.0,3.6
596,Bodden Town,19.28,86.0,84.0,40.0,14.99
597,Khash,28.22,83.25,12.0,0.0,9.17
598,Joao Pinheiro,-17.74,79.0,55.0,57.0,4.52
599,Sisimiut,66.94,41.76,75.0,100.0,12.37
600,Manokwari,-0.87,79.83,77.0,94.0,4.94
601,Mezhdurechensk,53.69,48.29,82.0,96.0,0.69
602,Athabasca,54.72,52.29,70.0,100.0,15.61
603,Sayyan,15.17,66.22,59.0,100.0,10.31
604,Cockburn Town,21.46,84.2,70.0,40.0,10.29
605,Cabedelo,-6.98,86.0,66.0,75.0,10.29
606,Fethiye,36.62,71.6,64.0,40.0,9.17
607,Sakaiminato,35.55,66.2,93.0,75.0,2.24
608,Puyang,29.46,73.65,92.0,100.0,3.8
609,Isiro,2.77,73.33,87.0,100.0,2.39
610,Brownfield,33.18,80.01,59.0,13.0,6.8
611,Nyuksenitsa,60.41,59.9,59.0,85.0,4.23
612,Vangaindrano,-23.35,67.37,88.0,8.0,6.67
613,Ndiekro,,,,,
614,Anamur,36.08,71.6,78.0,40.0,8.05
615,Srednekolymsk,67.45,42.71,68.0,64.0,5.37
616,Bow Island,49.87,60.01,51.0,40.0,12.75
617,Tokur,53.13,38.82,94.0,100.0,4.38
618,Novyy Urengoy,66.08,44.17,63.0,95.0,14.76
619,Terrace,54.52,46.4,87.0,90.0,13.87
620,Binga,-17.62,67.14,58.0,0.0,4.18
621,Muros,42.78,71.01,86.0,84.0,7.0
622,Solikamsk,59.62,54.07,57.0,0.0,2.82
623,Ossora,59.24,38.12,81.0,71.0,3.89
624,Morondava,-20.28,76.35,67.0,0.0,9.62
625,Gweru,-19.45,60.4,39.0,0.0,8.84
626,Menongue,-14.66,72.36,30.0,38.0,3.76
