City,Latitude,Longitude,Max Temperature,Humidity,Cloudiness,Wind Speed,Country,DateTime
Sola,-13.88,167.55,81.21,84.0,99.0,19.51,VU,1591198357
Limoges,45.75,1.33,68.0,72.0,33.0,8.05,FR,1591198357
Cidreira,-30.18,-50.21,62.64,69.0,21.0,4.52,BR,1591198357
Kattivakkam,13.22,80.32,87.8,74.0,20.0,11.41,IN,1591198357
Vila Franca Do Campo,37.72,-25.43,66.2,72.0,40.0,14.99,PT,1591198358
Hobart,-42.88,147.33,44.01,80.0,0.0,5.82,AU,1591198250
Provideniya,64.38,-173.3,45.75,58.0,3.0,1.14,RU,1591198358
Punta Arenas,-53.15,-70.92,42.8,52.0,90.0,23.04,CL,1591198126
Tuktoyaktuk,69.45,-133.04,33.8,74.0,20.0,9.17,CA,1591198358
Broome,42.25,-75.83,69.01,93.0,90.0,6.93,US,1591198358
Barrow,71.29,-156.79,30.2,86.0,1.0,16.11,US,1591198117
Fairbanks,64.84,-147.72,51.8,93.0,90.0,2.04,US,1591198086
Atuona,-9.8,-139.03,80.92,74.0,4.0,15.73,PF,1591198359
Nishihara,26.18,127.76,82.4,83.0,20.0,12.75,JP,1591198359
Bluff,-46.6,168.33,48.42,88.0,100.0,28.07,NZ,1591198359
Victoria,22.29,114.16,84.99,79.0,29.0,4.0,HK,1591198354
Pisco,-13.7,-76.22,64.99,93.0,90.0,4.7,PE,1591198359
Kapaa,22.08,-159.32,75.2,94.0,75.0,6.93,US,1591198359
Vaini,-21.2,-175.2,77.0,83.0,40.0,9.17,TO,1591198360
Turayf,31.67,38.66,80.6,28.0,4.0,18.34,SA,1591198360
Albany,42.6,-73.97,66.0,68.0,98.0,1.3,US,1591198158
Illoqqortoormiut,,,,,,,,
Jonesboro,35.84,-90.7,80.01,78.0,20.0,10.29,US,1591198360
Mbinga,-10.93,35.02,71.6,64.0,40.0,3.29,TZ,1591198360
Lagoa,39.05,-27.98,62.8,83.0,83.0,24.09,PT,1591198361
Chapais,49.78,-74.85,53.6,32.0,75.0,9.17,CA,1591198361
Pahrump,36.21,-115.98,84.99,23.0,100.0,1.01,US,1591198263
Rikitea,-23.12,-134.97,75.16,83.0,100.0,22.08,PF,1591198361
Tasiilaq,65.61,-37.64,50.0,53.0,75.0,3.36,GL,1591198361
Kalyazin,57.24,37.84,56.97,87.0,100.0,11.36,RU,1591198361
Aykhal,66.0,111.5,57.2,47.0,75.0,11.18,RU,1591198361
Castro,-24.79,-50.01,62.26,87.0,97.0,3.83,BR,1591198081
San Policarpo,12.18,125.51,82.67,67.0,0.0,4.61,PH,1591198362
Barentsburg,,,,,,,,
Dikson,73.51,80.55,31.84,97.0,72.0,11.21,RU,1591198362
Ha Tinh,18.33,105.9,82.76,71.0,61.0,5.93,VN,1591198362
Busselton,-33.65,115.33,54.0,73.0,18.0,5.79,AU,1591198362
Mataura,-46.19,168.86,47.97,93.0,100.0,7.18,NZ,1591198362
San Patricio,19.22,-104.7,77.0,83.0,75.0,3.15,MX,1591198363
Westport,41.14,-73.36,79.0,66.0,81.0,1.01,US,1591198362
Semey,50.41,80.23,66.13,46.0,100.0,6.44,KZ,1591198384
New Norfolk,-42.78,147.06,44.01,72.0,1.0,3.13,AU,1591198384
Los Llanos De Aridane,28.66,-17.92,73.4,78.0,75.0,6.93,ES,1591198384
Camacha,33.08,-16.33,71.6,64.0,20.0,12.75,PT,1591198384
Maningrida,-12.07,134.27,67.35,86.0,0.0,10.45,AU,1591198384
Urumqi,43.8,87.6,86.0,19.0,29.0,4.47,CN,1591198385
Grand Gaube,-20.01,57.66,71.01,74.0,59.0,5.99,MU,1591198385
Rawson,-43.3,-65.1,49.75,47.0,0.0,18.61,AR,1591198385
Yarovoye,52.93,78.58,57.11,51.0,43.0,8.61,RU,1591198385
Nouadhibou,20.93,-17.03,77.0,65.0,28.0,20.8,MR,1591198385
Banjarmasin,-3.32,114.59,75.42,90.0,98.0,3.94,ID,1591198385
Ushuaia,-54.8,-68.3,42.8,70.0,75.0,19.46,AR,1591198385
Vakhrushevo,55.23,61.72,62.6,45.0,40.0,4.47,RU,1591198386
Torbay,47.67,-52.73,55.4,54.0,20.0,25.28,CA,1591198386
Avera,33.19,-82.53,82.4,65.0,1.0,8.05,US,1591198386
Mamallapuram,12.63,80.17,87.8,74.0,20.0,11.41,IN,1591198386
Linjiang,41.81,126.91,54.75,84.0,83.0,4.59,CN,1591198386
Fare,-16.7,-151.02,79.75,73.0,56.0,4.97,PF,1591198386
Clyde River,70.47,-68.59,28.4,92.0,20.0,4.7,CA,1591198386
Grand River South East,,,,,,,,
Meyungs,,,,,,,,
Fortuna,40.6,-124.16,57.99,100.0,1.0,3.36,US,1591198387
Luderitz,-26.65,15.16,68.0,64.0,100.0,12.75,NA,1591198387
Mahebourg,-20.41,57.7,71.6,78.0,75.0,11.41,MU,1591198387
Waitati,-45.75,170.57,51.01,91.0,100.0,23.0,NZ,1591198387
Butaritari,3.07,172.79,82.0,77.0,100.0,5.21,KI,1591198387
Belushya Guba,,,,,,,,
Vaitupu,,,,,,,,
Oum Hadjer,13.3,19.7,106.77,9.0,9.0,3.78,TD,1591198388
Metu,8.3,35.58,62.44,94.0,94.0,2.17,ET,1591198388
Mantua,45.17,10.78,80.01,53.0,58.0,7.0,IT,1591198388
Troitsko-Pechorsk,62.71,56.2,55.87,48.0,0.0,3.22,RU,1591198388
Raudeberg,61.99,5.14,50.0,88.0,99.0,27.74,NO,1591198389
Vanimo,-2.67,141.3,79.48,84.0,100.0,3.33,PG,1591198389
Zavyalovo,54.51,82.45,50.0,61.0,98.0,4.47,RU,1591198389
Esperance,-33.87,121.9,55.4,76.0,48.0,11.41,AU,1591198389
Jamestown,42.1,-79.24,70.0,88.0,90.0,13.87,US,1591198389
Port Alfred,-33.59,26.89,63.0,88.0,100.0,3.0,ZA,1591198389
San Cristobal,7.77,-72.22,86.0,55.0,40.0,8.05,VE,1591198389
Asfi,32.3,-9.24,71.64,66.0,0.0,11.86,MA,1591198390
Saleaula,,,,,,,,
Taolanaro,,,,,,,,
Hilo,19.73,-155.09,71.6,78.0,75.0,4.7,US,1591198390
Tuatapere,-46.13,167.68,47.73,90.0,100.0,10.45,NZ,1591198390
Cape Town,-33.93,18.42,64.4,68.0,20.0,16.11,ZA,1591198390
Nome,64.5,-165.41,48.2,87.0,20.0,2.62,US,1591198390
Waris Aliganj,25.02,85.63,87.6,48.0,100.0,6.93,IN,1591198391
Bairiki,1.33,172.98,78.8,88.0,75.0,2.24,KI,1591198391
San Quintin,30.48,-115.95,71.38,64.0,5.0,7.23,MX,1591198391
Saint-Philippe,-21.36,55.77,71.6,60.0,38.0,21.92,RE,1591198391
Toliary,,,,,,,,
Ponta Do Sol,32.67,-17.1,71.6,64.0,20.0,21.92,PT,1591198391
Mopti,14.67,-4.0,105.8,26.0,47.0,13.87,ML,1591198392
Rorvik,64.86,11.24,48.2,76.0,100.0,16.11,NO,1591198392
Hermanus,-34.42,19.23,61.0,92.0,72.0,12.68,ZA,1591198392
Barbar,,,,,,,,
Shushenskoye,53.33,91.94,55.4,62.0,73.0,2.24,RU,1591198392
Ancud,-41.87,-73.82,45.0,75.0,9.0,3.33,CL,1591198392
Hasaki,35.73,140.83,68.0,100.0,75.0,5.82,JP,1591198392
Longyearbyen,78.22,15.64,37.4,74.0,40.0,10.29,SJ,1591198393
East London,-33.02,27.91,68.0,77.0,39.0,13.87,ZA,1591198393
Sentyabrskiy,,,,,,,,
Yellowknife,62.46,-114.35,41.0,56.0,20.0,10.29,CA,1591198393
Nizhneyansk,,,,,,,,
Ribeira Grande,38.52,-28.7,64.4,77.0,75.0,8.05,PT,1591198393
San Andres,12.58,-81.7,87.8,74.0,75.0,10.29,CO,1591198393
Nikolskoye,59.7,30.79,66.2,42.0,88.0,11.18,RU,1591198393
Lamar,33.67,-95.58,84.0,69.0,1.0,10.29,US,1591198394
Killybegs,54.63,-8.45,55.4,62.0,20.0,23.04,IE,1591198394
Port Elizabeth,-33.92,25.57,64.4,82.0,100.0,12.75,ZA,1591198384
Sumbawa,,,,,,,,
Zhuanghe,39.7,122.99,64.0,85.0,3.0,6.96,CN,1591198394
Bail Hongal,15.82,74.87,71.6,94.0,90.0,13.87,IN,1591198394
Saskylakh,71.92,114.08,49.42,48.0,76.0,10.07,RU,1591198394
Hovd,48.01,91.64,65.66,32.0,55.0,2.62,MN,1591198395
Namatanai,-3.67,152.43,80.28,77.0,64.0,4.47,PG,1591198395
Dangriga,16.97,-88.23,88.0,84.0,40.0,9.17,BZ,1591198395
Bredasdorp,-34.53,20.04,62.6,27.0,92.0,5.82,ZA,1591198395
La Victoria,10.22,-67.33,81.0,51.0,41.0,3.58,VE,1591198395
Kruisfontein,-34.0,24.73,57.51,91.0,100.0,5.64,ZA,1591198395
Palembang,-2.92,104.75,75.63,96.0,88.0,3.47,ID,1591198395
Carlisle,40.2,-77.19,78.01,69.0,98.0,1.01,US,1591198325
Bauska,56.41,24.19,60.8,55.0,90.0,5.82,LV,1591198396
Saint George,37.1,-113.58,82.0,22.0,1.0,5.82,US,1591198396
Kieta,-6.22,155.63,79.23,80.0,96.0,4.97,PG,1591198396
Airai,-8.93,125.41,55.98,100.0,92.0,4.38,TL,1591198396
Ambulu,-8.35,113.61,76.35,86.0,100.0,5.23,ID,1591198396
Touros,-5.2,-35.46,84.2,74.0,75.0,12.75,BR,1591198397
Codrington,-38.27,141.97,41.76,87.0,0.0,2.73,AU,1591198397
Eureka,40.8,-124.16,57.99,28.0,30.0,6.8,US,1591198397
Kuche,,,,,,,,
Amderma,,,,,,,,
Mogadouro,41.34,-6.71,72.0,62.0,81.0,5.01,PT,1591198397
Upernavik,72.79,-56.15,30.9,93.0,100.0,6.62,GL,1591198398
Glendive,47.11,-104.71,69.01,59.0,1.0,9.17,US,1591198398
Luanda,-8.84,13.23,80.6,83.0,20.0,9.17,AO,1591198398
Clearwater,27.97,-82.8,82.99,74.0,40.0,8.05,US,1591198186
Khormuj,,,,,,,,
Gondal,21.97,70.8,83.37,63.0,79.0,7.4,IN,1591198398
Phuket,8.0,98.25,78.8,94.0,20.0,3.36,TH,1591198398
Finnsnes,69.23,17.98,50.0,64.0,75.0,5.82,NO,1591198399
Boda,4.32,17.47,76.5,82.0,70.0,4.88,CF,1591198399
Villazon,-22.09,-65.59,48.15,39.0,0.0,9.28,BO,1591198399
Agua Verde,22.9,-106.05,81.0,74.0,75.0,4.72,MX,1591198399
North Ogden,41.31,-111.96,75.0,28.0,1.0,6.93,US,1591198322
Galiwinku,,,,,,,,
Ternate,0.8,127.4,79.99,80.0,100.0,4.81,ID,1591198399
Mitu,1.2,-70.17,79.36,80.0,100.0,1.39,CO,1591198399
San Rafael,-34.62,-68.33,42.24,87.0,100.0,18.66,AR,1591198399
Senneterre,48.38,-77.23,50.0,93.0,90.0,6.93,CA,1591198400
Hithadhoo,-0.6,73.08,84.74,65.0,98.0,6.6,MV,1591198400
Sattahip,12.67,100.9,80.6,88.0,40.0,4.7,TH,1591198400
Evensk,61.95,159.23,40.08,90.0,97.0,4.83,RU,1591198400
Maumere,-8.62,122.21,78.21,79.0,96.0,5.77,ID,1591198400
Klaksvik,62.23,-6.59,44.6,87.0,95.0,9.17,FO,1591198401
Khatanga,71.97,102.5,51.55,49.0,26.0,12.1,RU,1591198205
Khonsar,,,,,,,,
Tortoli,39.93,9.66,77.0,53.0,5.0,6.93,IT,1591198401
Cabo San Lucas,22.89,-109.91,84.0,61.0,5.0,3.36,MX,1591198401
Mount Isa,-20.73,139.5,51.8,40.0,37.0,5.82,AU,1591198401
Leningradskiy,69.38,178.42,37.67,79.0,16.0,3.58,RU,1591198401
Cap Malheureux,-19.98,57.61,71.01,74.0,46.0,5.99,MU,1591198401
Tayu,-6.54,111.05,80.69,81.0,100.0,10.92,ID,1591198402
Agadez,19.75,10.25,109.31,7.0,15.0,6.82,NE,1591198402
Caravelas,-17.71,-39.25,79.81,75.0,2.0,9.53,BR,1591198402
Kodiak,57.79,-152.41,46.4,93.0,90.0,19.46,US,1591198402
Kavaratti,10.57,72.64,84.4,78.0,99.0,19.15,IN,1591198402
Dingle,11.0,122.67,79.61,80.0,41.0,2.15,PH,1591198402
Atar,20.52,-13.05,105.8,18.0,69.0,6.93,MR,1591198403
Faanui,-16.48,-151.75,80.08,70.0,0.0,6.29,PF,1591198403
Berwick,41.05,-76.23,66.99,89.0,100.0,3.0,US,1591198403
Mehamn,71.04,27.85,48.2,61.0,75.0,4.7,NO,1591198403
Ust-Nera,64.57,143.2,48.31,51.0,99.0,6.24,RU,1591198403
Cherskiy,68.75,161.3,38.98,75.0,14.0,9.19,RU,1591198403
Coahuayana,18.73,-103.68,69.8,94.0,75.0,3.65,MX,1591198403
Agirish,61.92,63.02,49.35,49.0,3.0,4.29,RU,1591198404
Tukrah,32.53,20.58,70.45,55.0,0.0,9.93,LY,1591198404
Kovdor,67.57,30.48,63.91,61.0,67.0,6.24,RU,1591198404
Paso De Los Toros,-32.82,-56.52,57.2,62.0,40.0,5.46,UY,1591198404
Aloleng,16.13,119.78,85.26,66.0,86.0,1.36,PH,1591198404
Mizdah,31.45,12.98,90.43,17.0,5.0,8.32,LY,1591198404
Bukachacha,52.98,116.92,49.68,63.0,100.0,2.21,RU,1591198405
San Matias,-16.37,-58.4,74.46,59.0,91.0,3.83,BO,1591198405
Sept-Iles,50.2,-66.38,45.0,81.0,90.0,11.41,CA,1591198405
Kalmunai,7.42,81.82,83.37,62.0,6.0,9.51,LK,1591198405
Sao Joao Da Barra,-21.64,-41.05,80.6,54.0,15.0,2.24,BR,1591198405
Samusu,,,,,,,,
Braintree,51.88,0.55,68.0,60.0,93.0,1.99,GB,1591198405
Traverse City,44.76,-85.62,71.6,53.0,20.0,5.82,US,1591198375
Kaitangata,-46.28,169.85,50.0,91.0,100.0,1.01,NZ,1591198406
Kahului,20.89,-156.47,71.6,83.0,1.0,6.58,US,1591198358
Attawapiskat,,,,,,,,
Pilar,-9.6,-35.96,80.6,88.0,75.0,11.41,BR,1591198406
Florence,43.77,11.25,79.0,44.0,20.0,11.41,IT,1591198141
Mugur-Aksy,50.35,90.5,46.87,56.0,37.0,1.39,RU,1591198406
Chokwe,-24.53,32.98,70.48,45.0,0.0,4.23,MZ,1591198406
Comacchio,44.7,12.19,80.01,57.0,24.0,8.05,IT,1591198407
Berlevag,70.86,29.09,48.2,61.0,75.0,4.7,NO,1591198407
Lebu,-37.62,-73.65,53.65,63.0,0.0,10.0,CL,1591198407
Chuy,-33.7,-53.46,59.92,56.0,38.0,2.21,UY,1591198407
Avarua,-21.21,-159.78,75.2,78.0,9.0,11.41,CK,1591198407
Hobyo,5.35,48.53,83.82,67.0,39.0,23.64,SO,1591198407
Sarkand,45.41,79.92,70.09,34.0,14.0,7.74,KZ,1591198407
Guerrero Negro,27.98,-114.06,73.71,53.0,0.0,7.29,MX,1591198408
Qaqortoq,60.72,-46.03,53.6,81.0,75.0,4.7,GL,1591198408
Newport,51.59,-3.0,59.0,93.0,100.0,1.01,GB,1591198408
Coffs Harbour,-30.3,153.13,57.2,54.0,43.0,12.75,AU,1591198408
Pedregulho,-20.26,-47.48,76.87,49.0,0.0,2.46,BR,1591198253
Praia Da Vitoria,38.73,-27.07,62.6,93.0,90.0,23.31,PT,1591198408
Puerto Ayora,-0.74,-90.35,80.6,65.0,20.0,12.75,EC,1591198408
Lityn,49.33,28.08,57.2,67.0,40.0,4.47,UA,1591198409
Maraa,-1.83,-65.37,85.77,70.0,62.0,4.56,BR,1591198409
Melilla,35.29,-2.94,86.0,44.0,0.0,12.75,ES,1591198409
Harbour Breton,47.48,-55.8,44.01,88.0,98.0,15.97,CA,1591198409
Qaanaaq,77.48,-69.36,29.88,92.0,97.0,9.33,GL,1591198409
Okhotsk,59.38,143.3,39.69,77.0,95.0,3.94,RU,1591198409
Santa Cruz De La Palma,28.68,-17.76,73.4,78.0,75.0,6.93,ES,1591198409
Portobelo,9.55,-79.65,84.99,66.0,100.0,4.0,PA,1591198410
Springdale,36.19,-94.13,81.0,78.0,1.0,9.17,US,1591198283
Padang,-0.95,100.35,80.13,80.0,96.0,3.31,ID,1591198410
Weatherford,32.76,-97.8,82.99,75.0,0.0,4.0,US,1591198410
Coquimbo,-29.95,-71.34,51.8,87.0,75.0,5.82,CL,1591198410
Port Lincoln,-34.73,135.87,52.7,77.0,1.0,8.32,AU,1591198410
Mar Del Plata,-38.0,-57.56,53.01,81.0,90.0,13.87,AR,1591198410
Kilinochchi,9.4,80.4,81.81,78.0,97.0,12.5,LK,1591198411
Jeremie,18.65,-74.12,85.77,62.0,74.0,7.2,HT,1591198411
Baruun-Urt,46.68,113.28,48.27,71.0,23.0,3.02,MN,1591198411
Faya,18.39,42.45,86.0,9.0,20.0,17.22,SA,1591198411
Thompson,55.74,-97.86,51.8,66.0,75.0,4.7,CA,1591198248
Andevoranto,,,,,,,,
Iracoubo,5.48,-53.2,81.61,84.0,3.0,9.28,GF,1591198412
Butte,39.65,-121.57,77.0,57.0,1.0,1.19,US,1591198412
Fianga,,,,,,,,
Carnarvon,-24.87,113.63,73.85,42.0,0.0,8.7,AU,1591198412
Beira,-19.84,34.84,77.0,69.0,20.0,8.05,MZ,1591198412
Sorland,67.67,12.69,46.4,75.0,40.0,12.75,NO,1591198412
Kirakira,-10.45,161.92,80.44,79.0,100.0,6.15,SB,1591198412
Nantucket,41.28,-70.1,62.6,82.0,75.0,12.75,US,1591198413
Kulunda,52.57,78.94,58.21,44.0,64.0,8.66,RU,1591198413
Awbari,26.59,12.78,100.96,8.0,0.0,15.05,LY,1591198413
Saldanha,-33.01,17.94,68.0,60.0,38.0,13.87,ZA,1591198413
Orthez,43.49,-0.77,75.0,82.0,75.0,5.82,FR,1591198413
Kadykchan,,,,,,,,
Dzilam Gonzalez,21.28,-88.93,78.01,99.0,100.0,9.31,MX,1591198413
College,64.86,-147.8,51.8,87.0,75.0,2.17,US,1591198413
Mullaitivu,,,,,,,,
Sitka,57.05,-135.33,46.4,87.0,75.0,8.05,US,1591198414
Altamira,-3.2,-52.21,84.2,79.0,75.0,9.17,BR,1591198277
Havre-Saint-Pierre,50.23,-63.6,42.8,87.0,90.0,11.41,CA,1591198414
Liuhe,42.24,125.72,53.37,86.0,60.0,7.4,CN,1591198414
Moengo,5.62,-54.4,82.02,87.0,50.0,4.81,SR,1591198414
Champerico,14.3,-91.92,73.4,100.0,90.0,4.54,GT,1591198414
Houma,29.6,-90.72,87.01,78.0,40.0,3.36,US,1591198415
Nanortalik,60.14,-45.24,49.68,86.0,45.0,5.44,GL,1591198415
Methoni,36.82,21.7,78.8,27.0,20.0,13.87,GR,1591198415
Hvammstangi,,,,,,,,
Mirnyy,62.54,113.96,55.4,45.0,40.0,4.47,RU,1591198415
Grafton,42.21,-71.69,77.0,64.0,95.0,3.0,US,1591198415
Vallenar,-28.57,-70.76,56.88,60.0,97.0,6.67,CL,1591198415
Severo-Kurilsk,50.68,156.12,45.28,82.0,100.0,9.26,RU,1591198416
Poum,-20.23,164.02,74.89,88.0,100.0,20.85,NC,1591198416
Bilibino,68.05,166.44,50.11,63.0,100.0,2.01,RU,1591198416
Chokurdakh,70.63,147.92,35.49,82.0,79.0,10.27,RU,1591198416
Monrovia,6.3,-10.8,87.8,74.0,75.0,11.41,LR,1591198416
Sofiysk,,,,,,,,
Diego De Almagro,-26.37,-70.05,62.02,38.0,2.0,9.1,CL,1591198416
Espanola,35.99,-106.08,68.0,45.0,1.0,3.36,US,1591198417
Saint-Pierre,-21.34,55.48,71.6,60.0,4.0,21.92,RE,1591198417
Bethel,41.37,-73.41,75.0,64.0,1.0,6.93,US,1591198417
Marzuq,14.4,46.47,77.7,62.0,100.0,11.03,YE,1591198417
Gorno-Chuyskiy,,,,,,,,
Petropavlovsk-Kamchatskiy,53.05,158.65,42.8,100.0,75.0,2.24,RU,1591198417
Bengkulu,-3.8,102.27,76.86,93.0,100.0,9.28,ID,1591198417
Saryshagan,,,,,,,,
Mys Shmidta,,,,,,,,
Teknaf,20.86,92.31,82.24,76.0,82.0,2.06,BD,1591198418
Portland,45.52,-122.68,57.99,71.0,75.0,5.82,US,1591197986
Santa Maria Del Oro,25.93,-105.37,81.93,25.0,0.0,1.77,MX,1591198418
Bathsheba,13.22,-59.52,87.8,62.0,40.0,20.8,BB,1591198418
Uncia,-18.47,-66.57,48.74,39.0,4.0,27.45,BO,1591198419
Fort-Shevchenko,44.51,50.26,73.24,62.0,0.0,7.83,KZ,1591198419
Port-Gentil,-0.72,8.78,82.4,83.0,75.0,13.87,GA,1591198419
Chiplun,17.53,73.52,78.49,81.0,100.0,8.12,IN,1591198419
Tumannyy,,,,,,,,
Conceicao Do Araguaia,-8.26,-49.26,85.78,64.0,99.0,2.98,BR,1591198419
Georgetown,5.41,100.34,82.4,94.0,20.0,2.24,MY,1591198420
Baykit,61.67,96.37,50.94,71.0,91.0,4.03,RU,1591198420
Ixtapa,20.7,-105.2,81.0,74.0,75.0,4.7,MX,1591198311
Daltenganj,24.03,84.07,80.69,58.0,99.0,3.51,IN,1591198420
Yangambi,0.81,24.43,72.5,98.0,100.0,2.46,CD,1591198420
Bam,29.11,58.36,93.72,10.0,0.0,9.33,IR,1591198328
Saint-Augustin,51.23,-58.65,41.36,88.0,100.0,15.46,CA,1591198420
Tupik,54.43,119.93,45.99,64.0,100.0,1.07,RU,1591198420
Coos Bay,43.37,-124.22,55.0,87.0,1.0,9.17,US,1591198421
Huangchuan,32.13,115.04,76.84,54.0,3.0,8.86,CN,1591198421
Gonbad-E Qabus,37.25,55.17,89.6,46.0,20.0,6.93,IR,1591198421
Tazovskiy,67.47,78.7,42.24,70.0,86.0,13.44,RU,1591198421
Lompoc,34.64,-120.46,57.2,93.0,90.0,3.51,US,1591198421
Fort Morgan,40.25,-103.8,69.8,64.0,1.0,5.82,US,1591198250
Charlestown,-32.95,151.67,55.99,71.0,16.0,5.99,AU,1591198391
Rocha,-34.48,-54.33,60.03,50.0,33.0,1.72,UY,1591198421
Lorengau,-2.02,147.27,81.16,76.0,68.0,2.62,PG,1591198422
Swinoujscie,53.91,14.25,73.0,30.0,1.0,4.7,PL,1591198422
Kumbo,6.2,10.67,69.22,82.0,19.0,2.21,CM,1591198422
Norman Wells,65.28,-126.83,42.8,60.0,75.0,6.93,CA,1591198422
Bandarbeyla,9.49,50.81,81.97,76.0,55.0,23.96,SO,1591198422
Ubrique,36.68,-5.45,80.6,42.0,29.0,13.87,ES,1591198422
Nuevo Imperial,-13.08,-76.32,67.64,73.0,97.0,4.0,PE,1591198423
Harboore,56.62,8.18,71.01,67.0,91.0,1.01,DK,1591198423
Nyrob,60.73,56.72,54.46,54.0,0.0,2.57,RU,1591198423
Halalo,,,,,,,,
Flinders,-34.58,150.86,55.0,60.0,33.0,5.99,AU,1591198423
Port Alberni,49.24,-124.8,53.01,88.0,37.0,0.96,CA,1591198174
Conceicao Da Barra,-18.59,-39.73,82.69,59.0,5.0,7.65,BR,1591198423
Shelburne,44.08,-80.2,70.0,88.0,20.0,3.36,CA,1591198144
Achinsk,56.27,90.5,45.16,85.0,1.0,8.39,RU,1591198424
Cururupu,-1.83,-44.87,81.23,90.0,32.0,5.97,BR,1591198424
Tonantins,-2.87,-67.8,87.58,57.0,95.0,4.27,BR,1591198424
Nipawin,53.37,-104.0,64.4,42.0,40.0,6.93,CA,1591198248
Pevek,69.7,170.31,37.65,79.0,0.0,4.18,RU,1591198424
Afmadu,,,,,,,,
Kimi,,,,,,,,
Bytosh,53.82,34.09,68.0,34.0,40.0,4.47,RU,1591198425
Adrar,20.5,-10.07,97.86,18.0,72.0,18.7,MR,1591198425
Hualmay,-11.1,-77.61,69.26,71.0,79.0,11.88,PE,1591198425
Nurota,40.56,65.69,91.4,16.0,0.0,6.93,UZ,1591198425
Ekhabi,53.51,142.97,37.33,97.0,100.0,10.16,RU,1591198425
Lima,-12.04,-77.03,64.4,88.0,90.0,6.93,PE,1591198327
Dubenskiy,,,,,,,,
Lavrentiya,65.58,-171.0,37.94,78.0,0.0,2.17,RU,1591198426
Port Macquarie,-31.43,152.92,55.0,71.0,62.0,14.09,AU,1591198250
Mingguang,32.78,117.96,77.14,72.0,98.0,8.61,CN,1591198426
Vredendal,-31.67,18.5,67.89,43.0,100.0,8.01,ZA,1591198426
Margate,51.38,1.39,66.0,79.0,99.0,3.0,GB,1591198426
Ouallam,14.32,2.09,106.83,17.0,58.0,4.68,NE,1591198426
Lagos,6.58,3.75,89.6,66.0,20.0,6.93,NG,1591198162
Mount Gambier,-37.83,140.77,37.4,93.0,0.0,2.24,AU,1591198427
Half Moon Bay,37.46,-122.43,73.0,56.0,20.0,4.09,US,1591198427
Honningsvag,70.98,25.97,44.82,77.0,70.0,8.1,NO,1591198427
Boguchany,58.38,97.45,47.71,92.0,93.0,6.22,RU,1591198427
Iqaluit,63.75,-68.51,41.0,60.0,75.0,16.11,CA,1591198132
Henties Bay,-22.12,14.28,73.56,39.0,0.0,11.03,NA,1591198427
Bemidji,47.47,-94.88,69.01,42.0,1.0,8.05,US,1591198263
Warqla,,,,,,,,
Grand-Santi,4.25,-54.38,87.66,60.0,45.0,3.89,GF,1591198428
Hamilton,39.18,-84.53,82.99,54.0,1.0,13.87,US,1591198428
Geraldton,-28.77,114.6,57.2,76.0,0.0,6.93,AU,1591198428
Auki,-8.77,160.7,79.14,82.0,99.0,4.9,SB,1591198428
Krasnoyarsk-45,,,,,,,,
Sorvag,,,,,,,,
Fatsa,41.03,37.5,66.2,93.0,75.0,8.05,TR,1591198429
Komsomolskiy,40.43,71.72,87.8,22.0,100.0,4.14,UZ,1591198429
Faridan,,,,,,,,
Farafangana,-22.82,47.83,69.08,87.0,13.0,9.73,MG,1591198429
Khandyga,62.67,135.6,48.72,52.0,1.0,2.1,RU,1591198430
Sydney,-33.87,151.21,55.99,62.0,75.0,18.34,AU,1591198218
Jinchang,38.5,102.17,73.29,17.0,17.0,5.26,CN,1591198430
Hella,67.2,14.43,50.0,57.0,20.0,11.41,NO,1591198430
Palmer,42.16,-72.33,75.99,56.0,75.0,6.24,US,1591198430
Belyy Yar,53.6,91.39,55.4,62.0,30.0,2.24,RU,1591198430
Severo-Yeniseyskiy,60.37,93.04,45.27,97.0,100.0,2.55,RU,1591198431
Goderich,43.75,-81.72,69.01,92.0,68.0,11.97,CA,1591198248
Sinnamary,5.38,-52.95,83.05,77.0,2.0,9.84,GF,1591198431
Verkhnevilyuysk,63.45,120.32,54.75,43.0,27.0,1.32,RU,1591198431
Tuy Hoa,13.08,109.3,79.7,86.0,99.0,7.02,VN,1591198431
Kachug,53.96,105.88,48.87,67.0,49.0,0.13,RU,1591198431
Murdochville,48.96,-65.5,43.25,63.0,100.0,12.8,CA,1591198431
Linchuan,,,,,,,,
Narsaq,60.92,-46.05,53.6,81.0,75.0,4.7,GL,1591198432
Makakilo City,21.35,-158.09,75.2,73.0,20.0,4.7,US,1591198432
Derzhavinsk,51.1,66.32,65.05,54.0,22.0,17.0,KZ,1591198432
Nalut,30.33,10.85,97.14,12.0,1.0,8.81,LY,1591198432
Huarmey,-10.07,-78.15,71.55,66.0,18.0,11.99,PE,1591198432
Turbat,26.0,63.04,88.36,60.0,0.0,7.23,PK,1591198433
Svetlyy,54.67,20.13,57.2,71.0,75.0,8.95,RU,1591198433
Les Cayes,18.2,-73.75,85.93,64.0,84.0,9.91,HT,1591198433
Paucartambo,,,,,,,,
Nemuro,43.32,145.57,47.82,92.0,3.0,4.9,JP,1591198433
Vila Velha,-20.33,-40.29,77.0,69.0,2.0,10.29,BR,1591198290
Leipzig,51.34,12.38,66.99,72.0,75.0,21.92,DE,1591198305
Shirokiy,49.76,129.52,52.75,91.0,100.0,7.14,RU,1591198434
Stornoway,58.21,-6.39,51.8,71.0,75.0,9.17,GB,1591198434
Constitucion,-35.33,-72.42,55.53,71.0,32.0,2.8,CL,1591198434
Tsihombe,,,,,,,,
Dong Hoi,17.48,106.6,81.99,74.0,74.0,7.0,VN,1591198434
Bangkalan,-7.05,112.74,79.05,79.0,100.0,9.95,ID,1591198434
Riyadh,24.69,46.72,107.6,18.0,20.0,8.7,SA,1591198207
Andarab,,,,,,,,
Isla Vista,34.41,-119.86,75.99,82.0,40.0,4.7,US,1591198435
Grindavik,63.84,-22.43,48.2,81.0,75.0,9.17,IS,1591198435
Xining,36.62,101.77,54.46,54.0,71.0,1.97,CN,1591198236
Olafsvik,64.89,-23.71,46.96,87.0,38.0,5.14,IS,1591198435
Mmabatho,-25.85,25.63,71.6,33.0,0.0,3.36,ZA,1591198436
Puerto Cabezas,14.04,-83.39,84.34,75.0,100.0,9.95,NI,1591198436
Howard Springs,-12.5,131.05,71.6,33.0,60.0,6.93,AU,1591198436
Hambantota,6.12,81.12,82.4,78.0,15.0,5.82,LK,1591198436
Ambodifototra,,,,,,,,
Traismauer,48.35,15.76,64.0,63.0,87.0,2.71,AT,1591198436
Kidal,18.44,1.41,111.15,9.0,60.0,7.74,ML,1591198436
Nakhon Thai,17.1,100.84,86.0,37.0,98.0,2.39,TH,1591198437
Peterhead,57.51,-1.8,50.0,87.0,75.0,19.46,GB,1591198437
Sambava,-14.27,50.17,75.11,84.0,37.0,17.07,MG,1591198437
Namibe,-15.2,12.15,77.0,78.0,20.0,12.75,AO,1591198437
Salinas,36.68,-121.66,68.0,68.0,1.0,0.54,US,1591198200
Berberati,4.26,15.79,74.7,82.0,95.0,3.22,CF,1591198437
Port Hardy,50.7,-127.42,50.0,87.0,20.0,2.24,CA,1591198248
Lata,40.16,-8.33,78.01,60.0,20.0,10.29,PT,1591198438
Necochea,-38.55,-58.74,51.01,77.0,100.0,7.0,AR,1591198438
Galle,6.04,80.22,80.33,80.0,10.0,6.2,LK,1591198438
Pangnirtung,66.15,-65.71,35.6,80.0,20.0,10.29,CA,1591198438
San Vicente,-26.62,-54.13,71.22,34.0,0.0,2.28,AR,1591198438
Souillac,-20.52,57.52,71.6,78.0,75.0,11.41,MU,1591198438
Vertientes,21.26,-78.15,84.2,70.0,75.0,11.41,CU,1591198438
Zuwarah,32.93,12.08,73.85,59.0,33.0,16.96,LY,1591198439
Fort Nelson,58.81,-122.7,55.4,47.0,75.0,10.29,CA,1591198439
Quatre Cocos,-20.21,57.76,71.6,78.0,75.0,11.41,MU,1591198439
Tarpa,48.1,22.54,63.0,63.0,60.0,9.17,HU,1591198246
Bubaque,11.28,-15.83,81.91,68.0,0.0,15.7,GW,1591198439
Karkaralinsk,,,,,,,,
Ostersund,63.18,14.64,59.0,77.0,100.0,11.41,SE,1591198203
Arraial Do Cabo,-22.97,-42.03,77.0,73.0,75.0,6.93,BR,1591198440
Bogen,48.91,12.69,75.0,37.0,79.0,6.2,DE,1591198440
Marcona,,,,,,,,
Nyurba,63.28,118.33,54.7,45.0,47.0,2.37,RU,1591198440
Prince Rupert,54.32,-130.32,50.0,87.0,90.0,6.93,CA,1591198440
Guaruja,-23.99,-46.26,71.6,83.0,75.0,1.12,BR,1591198167
Tiznit,29.58,-9.5,78.71,35.0,0.0,10.83,MA,1591198441
Diapaga,12.07,1.79,103.98,21.0,86.0,5.35,BF,1591198441
Tiksi,71.69,128.87,31.06,96.0,4.0,2.08,RU,1591198441
Pathein,16.78,94.73,84.63,73.0,84.0,7.83,MM,1591198441
Najran,17.49,44.13,93.2,28.0,40.0,11.41,SA,1591198441
Sur,22.57,59.53,91.54,45.0,0.0,8.19,OM,1591198441
Severodvinsk,64.56,39.83,69.8,28.0,20.0,2.24,RU,1591198442
Phan Rang,,,,,,,,
Soligalich,59.08,42.29,60.44,67.0,76.0,6.46,RU,1591198442
Davila,18.47,120.58,84.2,83.0,40.0,2.24,PH,1591198442
Taksimo,56.34,114.88,51.94,49.0,70.0,1.92,RU,1591198442
Falealupo,,,,,,,,
Irbit,57.67,63.07,51.8,70.0,7.0,4.79,RU,1591198443
Mayumba,-3.43,10.66,78.85,83.0,87.0,7.78,GA,1591198443
Linapacan,,,,,,,,
Ilulissat,69.22,-51.1,37.4,86.0,75.0,3.36,GL,1591198270
Laguna,38.42,-121.42,79.0,47.0,1.0,3.2,US,1591198307
Ukiah,39.15,-123.21,73.0,68.0,1.0,0.6,US,1591198333
Kavieng,-2.57,150.8,82.62,80.0,92.0,13.35,PG,1591198443
Wilmington,34.23,-77.94,84.0,51.0,1.0,12.75,US,1591198421
Pullman,46.73,-117.18,60.01,62.0,1.0,4.7,US,1591198210
Gushikawa,26.35,127.87,82.4,94.0,1.0,10.29,JP,1591198444
Oistins,13.07,-59.53,87.8,62.0,40.0,20.8,BB,1591198444
Semenivka,52.18,32.58,62.06,73.0,18.0,2.59,UA,1591198444
Haines Junction,60.75,-137.51,44.22,60.0,100.0,4.83,CA,1591198444
Rio Gallegos,-51.62,-69.22,41.0,52.0,75.0,11.41,AR,1591198445
Asau,46.43,26.4,68.0,42.0,40.0,8.05,RO,1591198445
Aban,56.67,96.06,45.0,88.0,44.0,9.98,RU,1591198445
Naftah,,,,,,,,
Sooke,48.37,-123.73,53.01,87.0,75.0,4.7,CA,1591198445
Zemio,5.03,25.14,82.06,73.0,100.0,0.89,CF,1591198445
Illela,13.73,5.3,105.44,18.0,44.0,4.41,NG,1591198445
Quesnel,53.0,-122.5,42.8,93.0,90.0,4.7,CA,1591198446
Bata,1.86,9.77,86.0,84.0,40.0,9.17,GQ,1591198446
Nago,26.59,127.98,82.4,94.0,1.0,10.29,JP,1591198446
Mgandu,-5.95,34.13,68.95,56.0,86.0,6.44,TZ,1591198446
Krasnoselkup,65.7,82.47,51.75,61.0,62.0,12.08,RU,1591198446
Honiara,-9.43,159.95,77.0,100.0,75.0,4.09,SB,1591198446
Bambous Virieux,-20.34,57.76,71.6,78.0,75.0,11.41,MU,1591198447
Niquelandia,-14.47,-48.46,86.58,43.0,14.0,4.36,BR,1591198447
Gat,31.61,34.76,78.01,48.0,0.0,1.01,IL,1591198320
Maputo,-25.97,32.59,73.4,69.0,0.0,10.29,MZ,1591198447
Maceio,-9.67,-35.74,80.6,88.0,75.0,11.41,BR,1591198341
Katherine,-14.47,132.27,60.8,38.0,8.0,6.93,AU,1591198447
Kargasok,59.06,80.86,41.58,80.0,0.0,8.46,RU,1591198447
Sao Filipe,14.9,-24.5,75.88,74.0,27.0,15.23,CV,1591198448
Quepos,9.42,-84.17,78.8,65.0,73.0,2.24,CR,1591198448
Husavik,66.04,-17.34,50.0,71.0,20.0,16.11,IS,1591198448
Mporokoso,-9.37,30.12,67.64,56.0,13.0,0.13,ZM,1591198448
Ahipara,-35.17,173.17,61.05,86.0,1.0,12.86,NZ,1591198448
Oranjemund,-28.55,16.43,62.89,62.0,100.0,7.72,NA,1591198448
Koungou,-12.73,45.2,78.8,69.0,10.0,9.17,YT,1591198448
Saint-Francois,46.42,3.91,68.0,60.0,72.0,16.11,FR,1591198449
Fort Saint James,54.43,-124.25,50.31,48.0,84.0,6.76,CA,1591198449
Bereda,43.27,-7.54,73.0,64.0,33.0,10.0,ES,1591198449
Khasan,42.43,130.64,55.22,95.0,74.0,1.1,RU,1591198449
Laerdalsoyri,61.1,7.48,68.0,34.0,75.0,13.87,NO,1591198449
Satitoa,,,,,,,,
Santa Luzia,-19.77,-43.85,77.0,50.0,20.0,3.36,BR,1591198449
Neiafu,-18.65,-173.98,78.8,78.0,40.0,10.29,TO,1591198450
Belen,36.49,36.22,77.0,36.0,40.0,10.29,TR,1591198450
Puerto Baquerizo Moreno,-0.9,-89.6,77.0,83.0,40.0,9.17,EC,1591198208
Seddon,-37.81,144.89,54.0,66.0,90.0,8.05,AU,1591198371
Palabuhanratu,,,,,,,,
Barcelona,41.39,2.16,75.99,78.0,20.0,17.22,ES,1591198379
Bur Gabo,,,,,,,,
Leua,48.22,18.61,75.0,24.0,19.0,9.17,SK,1591198451
Mecca,21.43,39.83,91.83,19.0,0.0,14.74,SA,1591198214
Birin,26.89,88.07,63.82,78.0,99.0,4.16,NP,1591198451
Hirara,24.8,125.28,81.68,87.0,89.0,12.93,JP,1591198451
Hay River,60.82,-115.8,39.2,61.0,75.0,9.17,CA,1591198451
Ostrovnoy,68.05,39.51,58.86,65.0,35.0,3.0,RU,1591198451
Berezovyy,51.67,135.7,43.93,91.0,100.0,4.74,RU,1591198451
Iquique,-20.22,-70.14,66.2,55.0,75.0,9.17,CL,1591198452
Formosa,-26.18,-58.18,66.2,48.0,0.0,4.7,AR,1591198452
Coihueco,-36.62,-71.83,42.8,100.0,90.0,2.24,CL,1591198452
Guaratinga,-16.57,-39.57,80.6,78.0,40.0,6.93,BR,1591198452
Sovetskiy,61.36,63.58,49.73,49.0,56.0,5.28,RU,1591198452
Waingapu,-9.66,120.26,76.14,78.0,41.0,12.21,ID,1591198452
Moussoro,13.64,16.49,108.97,7.0,13.0,3.2,TD,1591198452
Megion,61.03,76.11,46.4,75.0,20.0,6.71,RU,1591198453
Cayenne,4.93,-52.33,84.2,74.0,75.0,13.87,GF,1591198453
Vladimir,56.14,40.4,57.06,86.0,100.0,12.8,RU,1591198453
Haimen,23.19,116.61,80.6,94.0,0.0,4.47,CN,1591198453
San Pedro,14.35,121.02,87.01,74.0,20.0,1.12,PH,1591198453
Katangli,51.71,143.23,41.79,99.0,100.0,5.97,RU,1591198453
Sorong,-0.88,131.25,78.66,87.0,97.0,10.25,ID,1591198453
Solovetskiy,,,,,,,,
North Augusta,33.5,-81.97,84.0,54.0,1.0,8.05,US,1591198226
Fairmont,39.49,-80.14,80.6,51.0,1.0,14.99,US,1591198454
Itacurubi Del Rosario,-24.5,-56.68,73.15,50.0,0.0,5.66,PY,1591198454
Ponta Delgada,37.73,-25.67,66.2,72.0,40.0,12.75,PT,1591198454
Bullhead City,35.15,-114.57,87.01,20.0,75.0,0.04,US,1591198454
Murgab,37.5,61.97,102.2,14.0,0.0,4.7,TM,1591198454
Clinton,42.59,-82.92,80.01,65.0,75.0,14.99,US,1591198398
Zhigansk,66.77,123.37,49.75,48.0,33.0,9.31,RU,1591198455
Batemans Bay,-35.72,150.18,30.99,92.0,15.0,7.27,AU,1591198455
Minab,27.15,57.08,100.4,42.0,40.0,9.17,IR,1591198455
Tilichiki,60.47,166.1,34.68,92.0,0.0,1.66,RU,1591198455
Alyangula,-13.85,136.42,64.4,100.0,30.0,15.35,AU,1591198455
Mendi,-6.18,143.65,55.26,99.0,95.0,1.63,PG,1591198456
Buckeye,33.37,-112.58,93.99,19.0,1.0,4.7,US,1591198200
Qingdao,36.1,120.37,79.0,60.0,0.0,8.95,CN,1591198456
Gambo,4.65,22.26,78.04,87.0,100.0,3.65,CF,1591198456
Naryan-Mar,67.67,53.09,64.36,44.0,2.0,7.36,RU,1591198456
Kirkwall,58.98,-2.96,50.0,71.0,75.0,13.87,GB,1591198456
Lhokseumawe,5.18,97.15,79.95,83.0,100.0,4.63,ID,1591198456
Bose,45.46,8.01,75.0,63.0,98.0,1.01,IT,1591198457
Langen,49.99,8.67,78.01,36.0,20.0,12.75,DE,1591198457
Dhidhdhoo,6.88,73.1,83.53,79.0,100.0,15.48,MV,1591198301
Plouzane,48.38,-4.62,57.2,93.0,96.0,12.75,FR,1591198457
Piacabucu,-10.41,-36.43,82.67,73.0,38.0,7.2,BR,1591198457
Puerto Escondido,15.85,-97.07,82.4,83.0,75.0,3.36,MX,1591198457
Anadyr,64.75,177.48,33.8,86.0,72.0,2.24,RU,1591198457
Talnakh,69.49,88.4,51.8,66.0,96.0,20.13,RU,1591198458
Minggang,32.46,114.05,75.27,48.0,69.0,8.86,CN,1591198458
Brigantine,39.41,-74.36,87.8,40.0,1.0,12.75,US,1591198458
Pastavy,55.12,26.83,59.0,77.0,62.0,8.3,BY,1591198458
Porto Walter,-8.27,-72.74,85.66,62.0,46.0,3.24,BR,1591198458
Beyneu,45.32,55.2,96.06,20.0,98.0,4.29,KZ,1591198458
Tungkang,,,,,,,,
Bom Jesus,-9.07,-44.36,87.67,54.0,99.0,5.95,BR,1591198459
Novyye Burasy,52.13,46.07,69.01,68.0,92.0,8.99,RU,1591198459
Coolum Beach,-26.53,153.1,57.0,75.0,59.0,1.99,AU,1591198459
Icanti,,,,,,,,
Bakhtiyarpur,25.47,85.52,86.0,74.0,75.0,7.09,IN,1591198459
Maniitsoq,65.42,-52.9,41.05,89.0,100.0,3.06,GL,1591198459
Port-Cartier,50.03,-66.87,45.0,81.0,90.0,11.41,CA,1591198459
Olavarria,-36.89,-60.32,51.01,90.0,100.0,1.99,AR,1591198460
Port Augusta,-32.5,137.77,50.0,87.0,0.0,8.05,AU,1591198460
Gympie,-26.19,152.66,53.01,79.0,24.0,1.01,AU,1591198460
Bambanglipuro,-7.95,110.28,79.2,85.0,100.0,7.09,ID,1591198460
Kurilsk,45.23,147.88,47.64,91.0,32.0,2.57,RU,1591198460
Kropotkin,45.44,40.58,64.94,84.0,100.0,6.93,RU,1591198236
Salalah,17.02,54.09,86.0,84.0,40.0,9.17,OM,1591198460
Rio Pardo,-29.99,-52.38,62.82,67.0,42.0,6.53,BR,1591198461
Havoysund,71.0,24.66,46.4,70.0,9.0,8.05,NO,1591198461
Shakiso,5.75,38.92,60.17,96.0,99.0,2.42,ET,1591198461
Manhattan,40.78,-73.97,78.01,64.0,1.0,8.57,US,1591198202
Amarante Do Maranhao,-5.57,-46.74,85.75,61.0,9.0,6.96,BR,1591198461
Yulara,-25.24,130.99,50.0,57.0,9.0,8.05,AU,1591198461
Ramanathapuram,9.38,78.83,85.78,69.0,100.0,23.53,IN,1591198461
Itarema,-2.92,-39.92,91.4,59.0,40.0,13.87,BR,1591198462
Sol-Iletsk,51.16,54.99,72.57,62.0,100.0,12.53,RU,1591198462
Erzin,36.96,36.2,71.01,71.0,10.0,14.0,TR,1591198462
Hauterive,46.09,3.45,68.0,77.0,64.0,6.93,FR,1591198462
Remanso,-9.62,-42.08,84.47,56.0,72.0,10.04,BR,1591198462
Matagami,49.75,-77.63,59.0,54.0,75.0,2.24,CA,1591198462
Charters Towers,-20.1,146.27,51.26,50.0,44.0,9.6,AU,1591198462
Opuwo,-18.06,13.84,76.55,23.0,50.0,4.16,NA,1591198463
Paracuru,-3.41,-39.03,84.0,68.0,13.0,20.0,BR,1591198463
Grand Centre,,,,,,,,
Grand Island,40.92,-98.34,82.4,44.0,1.0,11.41,US,1591198393
Igdir,39.92,44.05,78.8,27.0,20.0,6.93,TR,1591198463
Kabare,-2.47,28.82,64.53,78.0,100.0,3.24,CD,1591198463
San Carlos De Bariloche,-41.15,-71.31,39.2,78.0,40.0,8.05,AR,1591198463
Noumea,-22.28,166.46,75.0,88.0,90.0,3.36,NC,1591198444
Indiana,40.0,-86.25,80.6,69.0,1.0,10.29,US,1591198464
Belaya Gora,68.53,146.42,46.42,56.0,35.0,8.14,RU,1591198464
Skalistyy,,,,,,,,
Bargal,,,,,,,,
Plettenberg Bay,-34.05,23.37,60.26,87.0,100.0,2.3,ZA,1591198464
Hunza,,,,,,,,
Akcakoca,41.09,31.12,61.25,75.0,90.0,3.8,TR,1591198465
Plastun,44.76,136.29,51.69,86.0,100.0,5.19,RU,1591198465
Lafiagi,8.87,5.42,95.83,45.0,81.0,4.72,NG,1591198465
Dunedin,-45.87,170.5,51.01,91.0,100.0,9.22,NZ,1591198204
Tabuk,17.42,121.44,76.96,84.0,71.0,3.96,PH,1591198465
Candelaria,13.93,121.42,80.01,84.0,77.0,1.36,PH,1591198465
Sao Miguel Do Araguaia,-13.28,-50.16,86.77,52.0,1.0,3.6,BR,1591198465
Bodden Town,19.28,-81.25,86.0,84.0,40.0,14.99,KY,1591198466
Khash,28.22,61.22,83.25,12.0,0.0,9.17,IR,1591198466
Joao Pinheiro,-17.74,-46.17,79.0,55.0,57.0,4.52,BR,1591198466
Sisimiut,66.94,-53.67,41.76,75.0,100.0,12.37,GL,1591198466
Manokwari,-0.87,134.08,79.83,77.0,94.0,4.94,ID,1591198466
Mezhdurechensk,53.69,88.06,48.29,82.0,96.0,0.69,RU,1591198301
Athabasca,54.72,-113.29,52.29,70.0,100.0,15.61,CA,1591198466
Sayyan,15.17,44.32,66.22,59.0,100.0,10.31,YE,1591198466
Cockburn Town,21.46,-71.14,84.2,70.0,40.0,10.29,TC,1591198467
Cabedelo,-6.98,-34.83,86.0,66.0,75.0,10.29,BR,1591198467
Fethiye,36.62,29.12,71.6,64.0,40.0,9.17,TR,1591198311
Sakaiminato,35.55,133.23,66.2,93.0,75.0,2.24,JP,1591198467
Puyang,29.46,119.89,73.65,92.0,100.0,3.8,CN,1591198467
Isiro,2.77,27.62,73.33,87.0,100.0,2.39,CD,1591198467
Brownfield,33.18,-102.27,80.01,59.0,13.0,6.8,US,1591198383
Nyuksenitsa,60.41,44.24,59.9,59.0,85.0,4.23,RU,1591198468
Vangaindrano,-23.35,47.6,67.37,88.0,8.0,6.67,MG,1591198468
Ndiekro,,,,,,,,
Anamur,36.08,32.84,71.6,78.0,40.0,8.05,TR,1591198468
Srednekolymsk,67.45,153.68,42.71,68.0,64.0,5.37,RU,1591198468
Bow Island,49.87,-111.37,60.01,51.0,40.0,12.75,CA,1591198468
Tokur,53.13,132.9,38.82,94.0,100.0,4.38,RU,1591198468
Novyy Urengoy,66.08,76.63,44.17,63.0,95.0,14.76,RU,1591198469
Terrace,54.52,-128.6,46.4,87.0,90.0,13.87,CA,1591198371
Binga,-17.62,27.34,67.14,58.0,0.0,4.18,ZW,1591198469
Muros,42.78,-9.06,71.01,86.0,84.0,7.0,ES,1591198469
Solikamsk,59.62,56.77,54.07,57.0,0.0,2.82,RU,1591198469
Ossora,59.24,163.07,38.12,81.0,71.0,3.89,RU,1591198470
Morondava,-20.28,44.28,76.35,67.0,0.0,9.62,MG,1591198470
Gweru,-19.45,29.82,60.4,39.0,0.0,8.84,ZW,1591198470
Menongue,-14.66,17.69,72.36,30.0,38.0,3.76,AO,1591198470
